UserID,FirstName,LastName,Email,UserAddress
1214101,Melisande,Tesauro,mtesauro23@google.pl,"1 7th Lane"
2401673,Iona,Napthine,inapthinee@patch.com,"950 Waywood Avenue"
11671327,Mariquilla,Claque,mclaqueno@narod.ru,"0 Lake View Pass"
19867980,Lazarus,Shallow,lshallowlw@list-manage.com,"82747 Huxley Alley"
40664481,Pollyanna,Tutin,ptutin1e@salon.com,"3 Shopko Circle"
40981886,Tierney,Airton,tairtonm5@cbsnews.com,"42209 Fair Oaks Point"
51164760,Alfreda,Pabel,apabel1@bloglines.com,"0010 Roth Parkway"
55466559,Allys,Odell,aodellkn@altervista.org,"7177 Little Fleur Crossing"
71835741,Harland,Nerval,hnervaldp@tuttocitta.it,"3 Charing Cross Place"
80388485,Teodoor,Gentry,tgentryov@sakura.ne.jp,"22 Clemons Point"
86529773,Annemarie,Siggin,asiggin88@cargocollective.com,"3 Grayhawk Park"
95165231,Archy,Wildey,awildeyqz@about.me,"4341 Clemons Road"
100560954,Beatrice,Jenicke,bjenicke2u@bloglovin.com,"1701 Sherman Lane"
104127147,Emiline,Niave,eniaveeg@php.net,"48 Prairieview Lane"
105812617,Janene,Huson,jhusono8@europa.eu,"7 Emmet Circle"
106271377,Quinta,Czajkowski,qczajkowskipl@joomla.org,"032 Del Mar Street"
124468594,Jobye,Darey,jdareya0@360.cn,"066 Mandrake Junction"
132903652,Bekki,Gaudon,bgaudon47@odnoklassniki.ru,"18 Sutteridge Way"
133939898,Rosene,Giannini,rgiannini6h@aboutads.info,"0 Pond Lane"
133996964,Crissie,Beeck,cbeeckic@google.com.hk,"3 Jackson Park"
141264756,Marylin,Brimmacombe,mbrimmacombem8@exblog.jp,"170 Texas Road"
149299346,Lesli,Pernell,lpernelljj@csmonitor.com,"381 Bashford Point"
194360334,Margette,Canaan,mcanaangg@scientificamerican.com,"0 Scoville Trail"
199878005,Hew,Beggini,hbegginiee@eventbrite.com,"577 Sugar Lane"
202054039,Maye,Kike,mkike3i@netvibes.com,"30 Gulseth Alley"
213194104,Cornelius,Ducaen,cducaenkc@about.me,"8 North Parkway"
219920273,Hiram,Duffil,hduffil7u@chicagotribune.com,"387 Valley Edge Place"
232329826,Bel,Chasmer,bchasmerkb@foxnews.com,"7654 Leroy Lane"
232725756,Bartholomew,Laurenz,blaurenz17@sphinn.com,"29427 Armistice Street"
239209400,Jacinthe,Schmidt,jschmidtce@un.org,"65 Manitowish Junction"
243431163,Renata,Cortin,rcortink5@behance.net,"6090 Derek Way"
247839248,Gherardo,Lunam,glunamay@mediafire.com,"7769 Clove Parkway"
257335560,Randi,Armfield,rarmfieldd2@reuters.com,"070 Gulseth Avenue"
257385029,Merry,McOnie,mmconiely@aboutads.info,"52639 Calypso Parkway"
258458852,Marielle,Colliber,mcolliber9t@comcast.net,"95 American Place"
258875186,Sarene,FitzGibbon,sfitzgibbonf9@eepurl.com,"20 Warbler Crossing"
286283433,Elinore,Farrant,efarrantn8@mlb.com,"251 Kim Plaza"
316153273,Fulvia,Haysey,fhaysey35@walmart.com,"405 Annamark Drive"
323877362,Blondelle,Duley,bduleye3@techcrunch.com,"10 Service Hill"
341043184,Lauree,Zoren,lzorenmm@howstuffworks.com,"433 Crowley Park"
351000984,Di,Torr,dtorr44@lulu.com,"48770 Quincy Plaza"
356073599,Conchita,Dumini,cduminin5@dell.com,"0 Carioca Way"
356922022,Maurizio,Elgie,melgie5k@flickr.com,"37 Graceland Street"
383311268,Corissa,Chesnut,cchesnutaq@psu.edu,"895 Pond Drive"
387378537,Elyse,Earpe,eearpe9@typepad.com,"0517 Logan Point"
402546520,Rutledge,Prantoni,rprantoni4j@economist.com,"2 Claremont Center"
428896243,Beau,Tonbridge,btonbridge59@wikipedia.org,"90315 Del Sol Center"
429152493,Ailee,Vasic,avasic32@phpbb.com,"54336 Thackeray Hill"
437321150,Manon,Tissiman,mtissimanhf@wisc.edu,"04268 Buhler Court"
465310931,Phyllida,Gillatt,pgillattdx@yandex.ru,"8 Farwell Hill"
469129484,Livy,Banks,lbanks80@army.mil,"847 Esch Junction"
521071852,Lorraine,Kaliszewski,lkaliszewski8x@answers.com,"071 Lawn Place"
535223994,Bernadette,Watters,bwattersc0@cnet.com,"339 Caliangt Plaza"
539390089,Doloritas,Vairow,dvairowpd@weibo.com,"5 Mifflin Circle"
540585661,Raynor,Apfel,rapfelg6@list-manage.com,"4 Meadow Valley Avenue"
541764438,Eb,Vatini,evatinie8@sitemeter.com,"9225 Stang Court"
550010343,Teodorico,Carlyle,tcarlyleqs@dailymotion.com,"656 Caliangt Court"
562790292,Sibel,Cello,scello1y@wufoo.com,"105 Paget Parkway"
571194613,Llywellyn,Ludee,lludeed9@goo.gl,"7 Helena Pass"
572911203,Dierdre,Font,dfont5@free.fr,"58 Duke Way"
584389426,Mead,Winman,mwinmancu@networksolutions.com,"80050 Clarendon Center"
591855208,Tamarra,Torre,ttorrefw@go.com,"0722 Blue Bill Park Drive"
598884041,Pauly,Filyukov,pfilyukov5p@ifeng.com,"5181 Garrison Drive"
607884533,Theresina,Parkhouse,tparkhousekf@wiley.com,"29 Dahle Parkway"
619765704,Oswald,Coldridge,ocoldridgec2@creativecommons.org,"135 3rd Trail"
623973685,Gard,Goody,ggoody9c@google.ru,"30 Meadow Vale Plaza"
639176992,Lanette,Eyam,leyamfq@ycombinator.com,"184 Hanover Drive"
647428385,Shelli,Depport,sdepport8j@fastcompany.com,"70 Leroy Pass"
660320916,Evelin,Hegg,ehegg30@google.it,"92 Lillian Avenue"
682889822,Thedric,Raine,trainefs@msu.edu,"2678 Beilfuss Terrace"
685363244,Kari,Adran,kadranhy@discuz.net,"21829 Pleasure Drive"
702919195,Minetta,Itzcovichch,mitzcovichchk@blinklist.com,"790 Almo Pass"
704482037,Lamar,Webley,lwebleyli@bravesites.com,"6 Meadow Vale Center"
706516044,Krystalle,Steven,kstevenmp@dailymotion.com,"22801 Sundown Terrace"
716707543,Nonna,Leythley,nleythleyqe@mashable.com,"9 Independence Court"
718636805,Anallise,McCambridge,amccambridgelq@nih.gov,"0195 Fieldstone Junction"
724832750,Rochette,Aizic,raizicp8@pcworld.com,"5 Columbus Drive"
725475552,Saxon,Giorio,sgiorio7d@networksolutions.com,"4147 Darwin Avenue"
730407926,Carolan,Vala,cvala7j@g.co,"631 Beilfuss Point"
735600562,Juliane,Colegate,jcolegateqo@bravesites.com,"6251 Arizona Point"
741491877,Paige,Kidstoun,pkidstoun8a@w3.org,"33 Reinke Parkway"
746656378,Bary,Troutbeck,btroutbeckdf@google.it,"9604 Bartillon Way"
757387675,Ase,Deverill,adeverillfd@fc2.com,"6 Hazelcrest Parkway"
759654042,Kermit,Joffe,kjoffefb@twitpic.com,"07 Pennsylvania Crossing"
764882171,Titos,Hatherleigh,thatherleighmf@networksolutions.com,"7 Stephen Drive"
788737554,Hewie,Eim,heimq2@fotki.com,"9 Novick Court"
798164131,Kendra,Wintringham,kwintringham1z@blogs.com,"28 Alpine Parkway"
798759712,Denys,Haskur,dhaskurfe@netlog.com,"6616 Del Sol Terrace"
830867368,Welbie,Wharram,wwharrami5@nhs.uk,"8936 Eastlawn Pass"
840466390,Gayle,Caramuscia,gcaramuscia1w@state.gov,"1 Bayside Junction"
852145780,Dexter,Christopher,dchristopher8r@hud.gov,"1 Loomis Pass"
862575915,Trixi,Comrie,tcomrieda@moonfruit.com,"8 Oriole Avenue"
864826540,Robers,Farlane,rfarlane5e@smh.com.au,"9 Maple Point"
874947227,Sonya,Berzins,sberzinsjs@cam.ac.uk,"13078 David Court"
891866507,Claresta,Myner,cmyner1j@forbes.com,"08601 Di Loreto Parkway"
899287948,Dolly,Conley,dconleypi@pagesperso-orange.fr,"20421 Troy Hill"
902912445,Marcelo,Goodbur,mgoodburjk@ehow.com,"31 Merry Crossing"
904916316,Meridel,Radbone,mradbonebf@hc360.com,"23 Village Park"
908761171,Angel,Ritelli,aritellioa@sphinn.com,"9 Kingsford Way"
910375690,Nikolaus,Foch,nfochnq@sfgate.com,"440 Aberg Plaza"
923487484,Adelle,Ber,aberaw@cargocollective.com,"1290 Fremont Plaza"
924834544,Roderic,Coltman,rcoltman55@epa.gov,"0 Esch Center"
958300399,Rubi,Stembridge,rstembridgeka@technorati.com,"67 Rutledge Trail"
959717943,Analise,McKay,amckay7n@nifty.com,"484 Shopko Street"
961320699,Pennie,McDyer,pmcdyer5o@unblog.fr,"78804 Saint Paul Court"
966244451,Merrili,O'dell,modellbc@nationalgeographic.com,"88 Cottonwood Pass"
969426380,Lock,Hatherleigh,lhatherleighh8@umich.edu,"19 Summit Trail"
1007944102,Land,Maling,lmalinglf@unblog.fr,"821 Hermina Pass"
1013272382,Keefe,Rebillard,krebillardbe@facebook.com,"35857 Mariners Cove Court"
1029909407,Merrily,Tripe,mtripe3d@house.gov,"631 Vermont Hill"
1043894411,Eunice,Phelips,ephelipsi9@etsy.com,"5770 International Park"
1047882779,Ailsun,Quin,aquin6a@ft.com,"387 Hansons Alley"
1058814346,Pacorro,Furness,pfurnessgv@admin.ch,"009 Cottonwood Hill"
1080437312,Elenore,Baldassi,ebaldassidd@flavors.me,"973 Old Shore Center"
1091386056,Evania,Wailes,ewaileseo@biglobe.ne.jp,"0498 Vermont Parkway"
1097650901,Beatriz,"De Gowe",bdegowebw@army.mil,"385 Glendale Junction"
1100892524,Anjela,Gibb,agibbdk@surveymonkey.com,"6920 Portage Parkway"
1103882171,Karina,Duplock,kduplock9j@t.co,"63169 Shelley Terrace"
1104495074,Aland,Segeswoeth,asegeswoethj6@spotify.com,"99 Trailsway Parkway"
1106866088,Bernie,Nolda,bnoldabd@simplemachines.org,"23 Lindbergh Court"
1113421606,Heddi,Angrick,hangrickal@shareasale.com,"2830 Warrior Circle"
1114755567,Alene,Sherwill,asherwillj3@gov.uk,"983 Vernon Junction"
1126442275,Lucia,Lyptrade,llyptrade50@europa.eu,"34 Nancy Road"
1132232953,Tami,Yemm,tyemm2v@a8.net,"744 Declaration Terrace"
1137767758,Rupert,Vankeev,rvankeev6n@csmonitor.com,"32093 Rieder Pass"
1159684693,Pail,Kincla,pkincla3c@rambler.ru,"2668 Eastlawn Alley"
1164306111,Oralee,Reis,oreishr@wisc.edu,"70 Morrow Road"
1172078270,Jesus,Bethell,jbethell46@edublogs.org,"199 Old Gate Terrace"
1179449517,Franciska,Nestor,fnestorf2@lulu.com,"51777 Donald Lane"
1184297096,Quent,Lapenna,qlapenna7x@shareasale.com,"70943 Nancy Terrace"
1198575735,Ange,Puttan,aputtanla@psu.edu,"5117 Lighthouse Bay Pass"
1223674061,Edd,Blann,eblannn2@mit.edu,"0 Iowa Way"
1224654978,Hillyer,Kliner,hkliner8q@cam.ac.uk,"2 Kedzie Lane"
1237978858,Valle,Brydon,vbrydonbi@ifeng.com,"5397 Browning Park"
1244345342,Nealson,Margram,nmargramh9@dyndns.org,"17789 Lyons Avenue"
1249738202,Si,Seamen,sseamen2y@yellowpages.com,"19 Westerfield Hill"
1271196158,Kassie,Adolphine,kadolphine3h@geocities.jp,"619 Prentice Circle"
1278668500,Huey,Setterington,hsetteringtonr1@freewebs.com,"817 2nd Point"
1279271639,Clerc,Cheesman,ccheesmanoi@squidoo.com,"82152 Hanover Junction"
1282079921,Brooks,Morgans,bmorganses@booking.com,"329 Elka Alley"
1284056961,Rea,Kapiloff,rkapiloff16@kickstarter.com,"25812 Morrow Avenue"
1306924359,Starlin,Ebi,sebi4@geocities.jp,"454 Randy Plaza"
1307813186,Dorris,Bolesworth,dbolesworth2q@hao123.com,"5 Randy Center"
1315983192,Farr,Moretto,fmorettomk@freewebs.com,"59655 Fulton Way"
1323936661,Lizette,Dyzart,ldyzarto1@livejournal.com,"8452 Forest Way"
1330525477,Derick,Duquesnay,dduquesnay2g@nytimes.com,"7 Mendota Park"
1335088989,Tim,Tink,ttink61@kickstarter.com,"5643 6th Lane"
1345706790,Daveen,Bromwich,dbromwich7t@cdbaby.com,"53 Moose Place"
1347701095,Pierson,Creeboe,pcreeboe28@about.com,"0838 Doe Crossing Plaza"
1350459348,Fleming,Andreix,fandreix5i@addthis.com,"07032 Rigney Junction"
1363935097,Dall,Keam,dkeam5g@over-blog.com,"735 Rockefeller Hill"
1379162017,Chevalier,Harly,charly2n@vimeo.com,"5631 Fallview Pass"
1388491036,Whitney,Durker,wdurkermo@list-manage.com,"58804 Sloan Park"
1398868973,Freddy,Puckrin,fpuckrin3g@answers.com,"2 Straubel Lane"
1408341166,Marianne,Willatts,mwillattskp@mtv.com,"8 Delladonna Trail"
1411940660,Thedric,Hardbattle,thardbattleh1@sourceforge.net,"28 Moland Park"
1419189557,Marj,Giorgietto,mgiorgiettopa@weather.com,"3105 Hudson Pass"
1419498657,Alma,Huguet,ahuguetqn@pen.io,"48211 Welch Parkway"
1420381741,Lucilia,Kensley,lkensleyr9@redcross.org,"92787 Autumn Leaf Avenue"
1427731853,Griswold,Corona,gcoronadh@fc2.com,"111 Dawn Pass"
1433873273,Rickard,Edinburgh,redinburghmj@wikimedia.org,"3041 Buena Vista Way"
1444713361,Martino,Dunphie,mdunphiedm@loc.gov,"08 Arapahoe Hill"
1460686012,Jeanette,Nelane,jnelanebj@meetup.com,"156 Red Cloud Court"
1461562619,Ursula,Overbury,uoverburyqy@illinois.edu,"0484 Jackson Center"
1469937239,Jacquenetta,Raisher,jraisher33@bandcamp.com,"831 Rowland Avenue"
1477882944,Carson,Hovington,chovingtonhh@umn.edu,"1 Meadow Ridge Center"
1481942700,Robena,Tregensoe,rtregensoegy@xinhuanet.com,"88 Reinke Point"
1499663145,Bogey,Baumler,bbaumlerfn@guardian.co.uk,"58213 Almo Junction"
1506540279,Goddard,Thornebarrow,gthornebarrow3m@nih.gov,"930 Logan Road"
1515071227,Griselda,Durtnell,gdurtnellq1@umn.edu,"57078 Elmside Road"
1515491382,Raff,Extil,rextilif@trellian.com,"0 Village Green Pass"
1522237011,Truman,"De Souza",tdesouza45@webs.com,"0988 Sage Pass"
1522615466,Abbe,Bette,abettenn@prnewswire.com,"33 Becker Plaza"
1525771116,Gweneth,Dottrell,gdottrell95@mlb.com,"8022 Miller Place"
1527537382,Averil,Wignall,awignallav@globo.com,"32 Fuller Way"
1527564886,Ericka,Foch,efoch8i@sourceforge.net,"14 Upham Road"
1534937803,Chelsy,Tupie,ctupieg3@naver.com,"2 Sullivan Hill"
1540341755,Chrystal,McGinnis,cmcginnis2f@mac.com,"86037 Morning Drive"
1544546572,Morganne,Dobble,mdobblemd@google.com.hk,"583 Sutherland Circle"
1557267693,Cathie,Annell,cannellaj@twitter.com,"7 Debs Avenue"
1564509648,Marysa,Lauchlan,mlauchlan3p@auda.org.au,"6 Welch Lane"
1567468543,Cecelia,Feasby,cfeasbyhq@hexun.com,"190 Westerfield Crossing"
1578097452,Aubrette,Claiton,aclaiton2w@seesaa.net,"660 Killdeer Street"
1591647908,Haley,Bailey,hbaileya2@gravatar.com,"161 Norway Maple Center"
1594559848,Griffith,Aspenlon,gaspenlonha@cbsnews.com,"3 Fulton Street"
1596907967,Curran,Leppard,cleppard4d@upenn.edu,"6 Ramsey Hill"
1618040057,Nancey,Duprey,nduprey8g@bbc.co.uk,"896 Caliangt Court"
1627075747,Quinta,Pashe,qpashe13@delicious.com,"1 Kinsman Place"
1631894862,Prinz,Hinchon,phinchonb8@globo.com,"1 Carberry Avenue"
1661761895,Miguelita,Lunk,mlunk7i@fda.gov,"9773 Buena Vista Crossing"
1689187859,Osborn,Altamirano,oaltamirano76@europa.eu,"62 Banding Crossing"
1712952501,Roxy,Heavens,rheavens84@amazonaws.com,"58 Walton Road"
1712966790,Merill,Margaritelli,mmargaritelliny@yolasite.com,"2 Glacier Hill Street"
1719473625,Kary,April,kaprillg@spotify.com,"21819 Straubel Terrace"
1737030705,Laurens,Kimbly,lkimblyfc@behance.net,"51 Ilene Pass"
1740966112,Arluene,Fulle,afullejr@slideshare.net,"16 Superior Plaza"
1741236444,Clemente,Filippazzo,cfilippazzoea@china.com.cn,"15 Pankratz Trail"
1745586814,Garik,Kinig,gkinig4s@nytimes.com,"56241 2nd Circle"
1752828984,Raf,Waugh,rwaughjq@bloomberg.com,"28 Myrtle Way"
1762085011,Dode,Smylie,dsmylie5j@microsoft.com,"13861 Garrison Parkway"
1800707355,Maximilianus,Lillicrop,mlillicrop9v@statcounter.com,"4791 Bluestem Parkway"
1821435567,Say,Gilding,sgilding8u@arstechnica.com,"01 Division Street"
1836857217,Tamar,Rintoul,trintoulep@facebook.com,"2997 Sunfield Plaza"
1842947885,Dalenna,Spark,dspark7g@adobe.com,"93 Butterfield Parkway"
1871029678,Sollie,Lorain,slorainot@gov.uk,"1740 Mcbride Court"
1892553996,Cheslie,Stonehouse,cstonehousek8@about.com,"00 Lerdahl Plaza"
1893943763,Thaddus,Cardenoza,tcardenozaf5@amazon.com,"789 Del Mar Lane"
1896018904,Eryn,Been,ebeengd@chicagotribune.com,"39159 Jenifer Way"
1936073285,Georgie,Bosse,gbosseg4@bbb.org,"908 Nevada Terrace"
1940113881,Karie,Rosgen,krosgennc@reverbnation.com,"13 Village Junction"
1942772203,Brinna,Dessent,bdessentoo@123-reg.co.uk,"2 Hoard Alley"
1945477725,Tish,Rosenfarb,trosenfarbjl@seattletimes.com,"87914 Walton Drive"
1949980413,Colan,Colton,ccolton73@1und1.de,"2502 Schurz Center"
1951958268,Richy,Goldman,rgoldmanbk@samsung.com,"405 Gulseth Place"
1959591096,Griffith,Anelay,ganelaych@sphinn.com,"78 Hayes Avenue"
1959742221,Erin,Surgison,esurgisonb1@webnode.com,"699 Crownhardt Plaza"
1963282612,Vale,Knowling,vknowlingg@constantcontact.com,"04 Warrior Street"
1966050208,Benoite,Jacobovitz,bjacobovitza9@auda.org.au,"90478 4th Plaza"
1967060029,Arlene,Budd,abuddhi@zimbio.com,"55 Union Trail"
1975032810,Sandra,Leese,sleese9w@senate.gov,"39814 Cordelia Junction"
1982972238,Sigismund,Daudray,sdaudray2a@flavors.me,"460 John Wall Court"
1992048894,Aleen,Marques,amarquesez@opensource.org,"3 Petterle Terrace"
2002558205,Rodi,Greenhaugh,rgreenhaughji@canalblog.com,"6254 Gulseth Terrace"
2020753944,Yetty,Hollidge,yhollidgebz@thetimes.co.uk,"2244 Mesta Junction"
2021506673,Ellis,Smogur,esmogurp0@storify.com,"8 Mitchell Road"
2025107153,Sisely,Crosse,scrosseec@newyorker.com,"733 Florence Crossing"
2030113409,Annabel,Nesbeth,anesbethd6@seesaa.net,"2 Hallows Road"
2044610213,Gizela,Kimber,gkimber1s@uol.com.br,"4 Moland Road"
2062087438,Jock,Girth,jgirth9q@cpanel.net,"4515 Marquette Crossing"
2104518210,Farrell,Gent,fgentq3@amazon.co.jp,"13 Raven Junction"
2108572856,Gayelord,Ramet,grametnx@china.com.cn,"28 Tennessee Street"
2113617609,Martynne,Masse,mmassee0@ed.gov,"2692 Dennis Park"
2133368396,Bevon,Hoodless,bhoodlessqa@nhs.uk,"3717 Rieder Hill"
